{
  "3": 0.34755063549117937,
  "4": 0.34851488965975824,
  "5": 0.3817492631003256,
  "6": 0.4129504898909999,
  "7": 0.41434397495426134,
  "8": 0.4078967509988066
}