{
  "3": 0.3569374863082379,
  "4": 0.356009987807363,
  "5": 0.3048993802155059,
  "6": 0.35069517994203,
  "7": 0.356467162266193,
  "8": 0.3329996149379931
}