{
  "3": 0.2945232903894211,
  "4": 0.3820550769197725,
  "5": 0.4185695686855212,
  "6": 0.390581049508873,
  "7": 0.3597990843333391,
  "8": 0.37409175358251734
}