{
  "3": 0.3569374978542328,
  "4": 0.35600998997688293,
  "5": 0.3048993647098541,
  "6": 0.3506951630115509,
  "7": 0.3564671576023102,
  "8": 0.3329996168613434
}