segment,customers,avg_recency,avg_frequency,avg_monetary,churn_rate,avg_future_spend,recommended_action
2,5,1.8,129.0,5035.0,0.0,2775.6,Offer early access + loyalty perks
3,405,15.864197530864198,15.45679012345679,389.320987654321,0.012345679012345678,123.4074074074074,Offer early access + loyalty perks
1,2400,45.979166666666664,3.6991666666666667,64.29125,0.08958333333333333,12.849583333333333,Nurture with product education
0,523,57.74187380497132,2.372848948374761,49.77820267686425,0.20267686424474188,5.745697896749522,Nurture with product education
4,1006,252.93638170974154,1.502982107355865,24.55168986083499,0.27435387673956263,0.0,Nurture with product education
