segment,customers,avg_recency,avg_frequency,avg_monetary,churn_rate,avg_future_spend,recommended_action
6,4,8.75,50.0,214792.16,0.0,89256.4625,Offer early access + loyalty perks
5,2,163.5,1.5,122828.05,0.0,0.0,Offer early access + loyalty perks
2,9,3.4444444444444446,103.44444444444444,64739.70555555556,0.0,24960.70888888889,Nurture with product education
0,460,17.006521739130434,14.217391304347826,7378.189673913043,0.015217391304347827,2450.324217391304,Nurture with product education
1,2352,47.213010204081634,3.4591836734693877,1214.0651198979592,0.0935374149659864,259.1377380952381,Nurture with product education
4,519,57.578034682080926,2.3757225433526012,804.9350115606936,0.2003853564547206,90.48784393063583,Nurture with product education
3,992,254.31350806451613,1.501008064516129,536.8116139112904,0.27318548387096775,0.0,Nurture with product education
