segment,customers,avg_recency,avg_frequency,avg_monetary,churn_rate,avg_future_spend,recommended_action
1,1,90.0,1.0,168469.6,0.0,0.0,Offer early access + loyalty perks
2,1104,72.57699275362319,4.926630434782608,2597.0428894927536,0.348731884057971,444.7682518115942,Nurture with product education
0,1892,203.742600422833,1.3324524312896406,449.6286257928118,0.19080338266384778,2.0055549682875267,Nurture with product education
